gRNA,label
TGAGCTTGTTACTCGTGCCT,EGFR
GAGTAACAAGCTCACGCAGT,EGFR
ATAGTTAGATAAGACTGCTA,EGFR
GAATTCGCTCCACTGTGTTG,EGFR
TGTGATCCAAGCTGTCCCAA,EGFR
GACAGCTTGGATCACACTTT,EGFR
AGCATCTGTGAGGTCGAAAC,ITGAV
TAGCCGGATGTTTCTTCTCG,ITGAV
CTATACATACGTGATCTACA,ITGAV
AAATTCCAATGGATCATCCT,ITGAV
TAGAAGACCAGTCACATTTG,ITGAV
CCTGTGCCCCATTGTACCAT,ITGAV
TGCTGTGTGTTTGCTCAAAC,ITGB1
ATCTCCAGCAAAGTGAAACC,ITGB1
CACACATTTACCTTGTAAAC,ITGB1
AGAATTTCAGCCTGTTTACA,ITGB1
TTTGCTGGAGATGGGAAACT,ITGB1
ATCAGTCCAATCCAGAAAAT,ITGB1
GGCACGTACCAGTGTGGGTC,SNAI1
ACTCTCCTGGAGCCGAAGGG,SNAI1
GCCTAACTACAGCGAGCTGC,SNAI1
TCCTGCAGCTCGCTGTAGTT,SNAI1
AGAAGGTCCGAGCACACGCC,SNAI1
GGTACTTCTTGACATCTGAG,SNAI1
ATCTCTGGTTGTGGTATGAC,SNAI2
GCGCCCTGAAGATGCATATT,SNAI2
AAAGCCAAACTACAGCGAAC,SNAI2
GTGTCCAGTTCGCTGTAGTT,SNAI2
CAGATTCCTCATGTTTGTGC,SNAI2
GCAAATGCTCTGTTGCAGTG,SNAI2
CGGGAGTCCGCAGTCTTACG,TWIST1
AGCGGGTCATGGCCAACGTG,TWIST1
GGGGATGATCTTCCGCAGCG,TWIST1
CGAACGCCTCGTTCAGCGAC,TWIST1
TCAGCTACGCCTTCTCGGTC,TWIST1
AGTCCAGCTCGTCGCTCTGG,TWIST1
TCTTGCTGTAGCGCCGCTTC,TWIST2
TCAGCTACGCCTTCTCCGTG,TWIST2
GATCTTGCGCAGCGCCGCGA,TWIST2
CCCCAGCGCGCAGTCCTTCG,TWIST2
AGCCCGACCCCGGGCAAGCG,TWIST2
CGCGCCCTCCATGCGCCACA,TWIST2
TTGGCGCGTCCCTATTGCGC,FOXD3
CGTCTGGCCGGACATGTCGC,FOXD3
CGCCGCTGCCGGGTGCGAAT,FOXD3
CGTGCAGTCGGCAGCGCTCA,FOXD3
CACGCTAAGAATGGGCGCGA,FOXD3
GTCGTCCGGCTCAGCGACAG,FOXD3
AATCCAAGCCGCCGTGATGA,GATA6
AGCCGCAGTTCACGCACTCG,GATA6
CATCAAGCCGCAGAAGCGCG,GATA6
CTCGGCGTTTCTGCGCCATA,GATA6
ACAACACAACCTACAGCCTC,GATA6
GCAATCATCTGAGTTAGAAG,GATA6
ATTGCTCGACGATGTTCCAT,TGFBR1
CATACAAACGGCCTATCTCG,TGFBR1
CCTCTAGAGAAGAACGTTCG,TGFBR1
CCACGAACGTTCTTCTCTAG,TGFBR1
CCATCGAGTGCCAAATGAAG,TGFBR1
ATTTATGATATGACAACGTC,TGFBR1
GCAGACCGATGTCTACTCCA,TGFBR2
CCCCTACCATGACTTTATTC,TGFBR2
GACATCTCGCTGTAATGCAG,TGFBR2
CACATGAAGAAAGTCTCACC,TGFBR2
ATGATAGTCACTGACAACAA,TGFBR2
CTCCATCTGTGAGAAGCCAC,TGFBR2
CAGAGACATGTGACGCAGTC,ZEB1
TGAAGACAAACTGCATATTG,ZEB1
ACAGATGCAGCTGACTGTGA,ZEB1
AAATTCAAATGCACTGAGTG,ZEB1
GCTTCATCTGCCTGAGCTTC,ZEB1
GAAGCTCAGGCAGATGAAGC,ZEB1
CAAGCGCTTGACATCACTGA,ZEB2
TCACCATATGCCGCTCGAGC,ZEB2
TGACGGTATTGCCAACCCTC,ZEB2
ACTTGCGATTACCTGCTCCT,ZEB2
ATCCAGACCGCAATTAACAA,ZEB2
TAGAATCTCGTTGTTGTGCC,ZEB2
CGTGTTCTCGGTGTCCGAGC,SOX9
CCCTATCGACTTCCGCGACG,SOX9
CATGAAGATGACCGACGAGC,SOX9
CACACGTGGCCCGCGCTCGC,SOX9
CGACTCACCCGAGTGCTCGC,SOX9
TTCACCGACTTCCTCCGCCG,SOX9
ACGGAGGCTAAGCGTCGCAA,NonTargetingControl
CGCTTCCGCGGCCCGTTCAA,NonTargetingControl
ATCGTTTCCGCTTAACGGCG,NonTargetingControl
GTAGGCGCGCCGCTCTCTAC,NonTargetingControl
CCATATCGGGGCGAGACATG,NonTargetingControl
TACTAACGCCGCTCCTACAG,NonTargetingControl
TGAGGATCATGTCGAGCGCC,NonTargetingControl
GGGCCCGCATAGGATATCGC,NonTargetingControl
TAGACAACCGCGGAGAATGC,NonTargetingControl
ACGGGCGGCTATCGCTGACT,NonTargetingControl
CTTACAATCGTCGGTCCAAT,NonTargetingControl
GCGTGCGTCCCGGGTTACCC,NonTargetingControl
CGGAGTAACAAGCGGACGGA,NonTargetingControl
TGGCGCCGATACGTCGGCTA,NonTargetingControl
AGAGTTACGTCGCTTCGATC,IntergenicControl
GCTGCAGACTAGCTATCGTA,IntergenicControl
GTAGACCCTTGACATCGCAT,IntergenicControl
AGAAGGACATCGCTAGACGC,IntergenicControl
GAGCCGACGAGAGCGCACCA,IntergenicControl
AAGCTCCCGGACCAATCGTC,IntergenicControl
TGGGTCACGTCGATATATAT,IntergenicControl
ACAATTACTCGGATACGCTC,IntergenicControl
TCAGCTCCAAACGTACGTAC,IntergenicControl
AAACTACGGATCGTTATATG,IntergenicControl
TAGGGTGGCTCGTACAGATT,IntergenicControl
GCAGTCGGGGACGCTAAACA,IntergenicControl
ACTGTCTAGTAGCGTTACAC,IntergenicControl
TAGGTGAGACCAACGAGCGC,IntergenicControl
TGAACCACCAGGGTATACGT,CDH1
GCAATGCGTTCTCTATCCAG,CDH1
AAGTCACGCTGAATACAGTG,CDH1
ACACGTAGCAGTGACGAATG,CDH1
GAATGGTACAAATCCAAGGT,VIM
ACAGCATGTCCAAATCGATG,VIM
AAACCTGTCTGAAAGATTGC,VIM
GTCGCGCTCCACCTCGACGC,VIM